{
  "n_per_volt": 330.3090464017925,
  "calibration_weights": {
    "124.31595944": [
      [
        3.6938165380045707,
        1207.891817424807
      ],
      [
        3.6922682266007514,
        1207.3824273825496
      ],
      [
        3.6924656559912763,
        1207.4291374221245
      ]
    ],
    "67.28130136": [
      [
        2.000289067191383,
        654.1034118009862
      ],
      [
        2.000009251657008,
        653.9962716814352
      ],
      [
        2.0008165713701653,
        654.2672123192197
      ]
    ],
    "33.53405656": [
      [
        0.9975018821601865,
        326.1714273751241
      ],
      [
        0.9973250247297665,
        326.11421219572736
      ],
      [
        0.9970077434533297,
        326.0136210296717
      ]
    ],
    "90.56871464": [
      [
        2.6867597128143044,
        878.56419551624
      ],
      [
        2.6864924682707545,
        878.47581928055
      ],
      [
        2.685362459745417,
        878.1191224283688
      ]
    ],
    "157.850016": [
      [
        4.687465078305654,
        1532.8041940803419
      ],
      [
        4.689261916260559,
        1533.3671919488963
      ]
    ]
  },
  "weight_statistics": {
    "124.31595944": {
      "mean_voltage": 3.692850140198866,
      "std_voltage": 0.0006880833913674919,
      "cv_percent": 0.01863285444154085,
      "mean_force": 1207.5677940764938,
      "num_measurements": 3
    },
    "67.28130136": {
      "mean_voltage": 2.000371630072852,
      "std_voltage": 0.00033471754446641987,
      "cv_percent": 0.01673276802342121,
      "mean_force": 654.122298600547,
      "num_measurements": 3
    },
    "33.53405656": {
      "mean_voltage": 0.9972782167810942,
      "std_voltage": 0.00020442847721999083,
      "cv_percent": 0.020498640577934487,
      "mean_force": 326.09975353350774,
      "num_measurements": 3
    },
    "90.56871464": {
      "mean_voltage": 2.6862048802768252,
      "std_voltage": 0.0006055901668719905,
      "cv_percent": 0.022544451888925978,
      "mean_force": 878.3863790750529,
      "num_measurements": 3
    },
    "157.850016": {
      "mean_voltage": 4.688363497283106,
      "std_voltage": 0.0008984189774525753,
      "cv_percent": 0.019162741497607997,
      "mean_force": 1533.0856930146192,
      "num_measurements": 2
    }
  },
  "timestamp": "2025-07-07T15:25:32.781665",
  "r_squared": 0.9999975480454641,
  "rmse": 0.6651650519276893,
  "num_weights": 5,
  "total_measurements": 14,
  "measurements_per_weight": 3
}